이름,나이,거주지
홍길동,32,인천
임꺽정,29,서울
아무개,27,부산
홍길동,32,인천
임꺽정,29,서울
아무개,27,부산
홍길동,32,인천
임꺽정,29,서울
아무개,27,부산
홍길동,32,인천
임꺽정,29,서울
아무개,27,부산
홍길동,32,인천
임꺽정,29,서울
아무개,27,부산
홍길동,32,인천
임꺽정,29,서울
아무개,27,부산
홍길동,32,인천
임꺽정,29,서울
아무개,27,부산
홍길동,32,인천
임꺽정,29,서울
아무개,27,부산
홍길동,32,인천
임꺽정,29,서울
아무개,27,부산
홍길동,32,인천
임꺽정,29,서울
아무개,27,부산
홍길동,32,인천
임꺽정,29,서울
아무개,27,부산
홍길동,32,인천
임꺽정,29,서울
아무개,27,부산
홍길동,32,인천
임꺽정,29,서울
아무개,27,부산
홍길동,32,인천
임꺽정,29,서울
아무개,27,부산
홍길동,32,인천
임꺽정,29,서울
아무개,27,부산
홍길동,32,인천
임꺽정,29,서울
아무개,27,부산
홍길동,32,인천
임꺽정,29,서울
아무개,27,부산
홍길동,32,인천
임꺽정,29,서울
아무개,27,부산
홍길동,32,인천
임꺽정,29,서울
아무개,27,부산
홍길동,32,인천
임꺽정,29,서울
아무개,27,부산
홍길동,32,인천
임꺽정,29,서울
아무개,27,부산
홍길동,32,인천
임꺽정,29,서울
아무개,27,부산
홍길동,32,인천
임꺽정,29,서울
아무개,27,부산
홍길동,32,인천
임꺽정,29,서울
아무개,27,부산
홍길동,32,인천
임꺽정,29,서울
아무개,27,부산
홍길동,32,인천
임꺽정,29,서울
아무개,27,부산
홍길동,32,인천
임꺽정,29,서울
아무개,27,부산
홍길동,32,인천
임꺽정,29,서울
아무개,27,부산
홍길동,32,인천
임꺽정,29,서울
아무개,27,부산
홍길동,32,인천
임꺽정,29,서울
아무개,27,부산
홍길동,32,인천
임꺽정,29,서울
아무개,27,부산
홍길동,32,인천
임꺽정,29,서울
아무개,27,부산
홍길동,32,인천
임꺽정,29,서울
아무개,27,부산
홍길동,32,인천